City_ID,City,Country,Lat,Lng,Max Temp,Humidity,Cloudiness,Wind Speed,Date,Current Description
0,Norman Wells,CA,65.282,-126.8329,8.64,78,75,16.11,2023-01-02 21:23:18,broken clouds
1,Mareeba,AU,-17.0,145.4333,74.44,98,100,2.39,2023-01-02 21:23:18,overcast clouds
2,Avarua,CK,-21.2078,-159.775,82.45,83,75,9.22,2023-01-02 21:23:19,light rain
3,Lavumisa,SZ,-27.31,31.892,67.3,97,14,1.72,2023-01-02 21:23:19,few clouds
4,Lampazos De Naranjo,MX,27.0167,-100.5167,87.85,14,1,6.49,2023-01-02 21:23:19,clear sky
5,High Level,CA,58.5169,-117.136,14.11,100,40,2.3,2023-01-02 21:23:20,scattered clouds
6,Barrow,US,71.2906,-156.7887,3.22,85,100,21.85,2023-01-02 21:23:21,overcast clouds
7,Kenai,US,60.5544,-151.2583,33.85,90,75,5.75,2023-01-02 21:23:21,broken clouds
8,Punta Arenas,CL,-53.15,-70.9167,51.91,50,0,37.98,2023-01-02 21:23:22,clear sky
9,Kapaa,US,22.0752,-159.319,80.92,78,100,8.05,2023-01-02 21:23:22,overcast clouds
10,Taihe,CN,30.8712,105.3845,44.8,78,18,1.97,2023-01-02 21:23:23,few clouds
11,Vaini,TO,-21.2,-175.2,82.56,83,75,5.75,2023-01-02 21:23:23,broken clouds
12,Mwense,ZM,-10.3845,28.698,65.08,93,100,2.77,2023-01-02 21:23:24,overcast clouds
13,Rikitea,PF,-23.1203,-134.9692,78.28,73,13,11.86,2023-01-02 21:23:24,light rain
14,Hithadhoo,MV,-0.6,73.0833,80.69,68,73,10.96,2023-01-02 21:23:25,broken clouds
15,Abu Kamal,SY,34.4506,40.9171,48.87,34,75,2.8,2023-01-02 21:23:25,broken clouds
16,Hasaki,JP,35.7333,140.8333,35.22,42,100,8.57,2023-01-02 21:23:26,overcast clouds
17,Los Andes,CL,-32.8337,-70.5983,82.0,26,1,10.4,2023-01-02 21:23:26,clear sky
18,Portland,US,45.5234,-122.6762,44.78,70,75,19.57,2023-01-02 21:21:04,broken clouds
19,Birao,CF,10.2849,22.7882,74.08,27,0,9.4,2023-01-02 21:23:27,clear sky
20,Pontianak,ID,-0.0333,109.3333,75.18,94,40,0.0,2023-01-02 21:23:27,mist
21,Omboue,GA,-1.5746,9.2618,77.86,85,100,2.75,2023-01-02 21:23:27,moderate rain
22,Puerto Leguizamo,CO,-0.1934,-74.7819,84.9,61,97,2.86,2023-01-02 21:23:28,overcast clouds
23,Moctezuma,MX,29.8,-109.6667,60.04,44,73,19.37,2023-01-02 21:23:28,broken clouds
24,San Jeronimo,PE,-11.9472,-75.2829,59.41,63,100,2.06,2023-01-02 21:23:29,overcast clouds
25,Clyde River,CA,70.4692,-68.5914,-32.57,68,0,2.3,2023-01-02 21:23:29,clear sky
26,Paamiut,GL,61.994,-49.6678,3.27,63,24,8.88,2023-01-02 21:23:29,few clouds
27,Coquimbo,CL,-29.9533,-71.3436,69.53,68,0,14.97,2023-01-02 21:23:30,clear sky
28,Pevek,RU,69.7008,170.3133,-38.87,100,100,6.51,2023-01-02 21:23:30,overcast clouds
29,Bluff,NZ,-46.6,168.3333,61.16,68,100,3.74,2023-01-02 21:23:31,overcast clouds
30,Ushuaia,AR,-54.8,-68.3,44.26,81,75,32.21,2023-01-02 21:23:24,light rain
31,Loncoche,CL,-39.3667,-72.6333,66.15,46,32,9.08,2023-01-02 21:23:31,scattered clouds
32,Jamestown,US,42.097,-79.2353,49.64,52,0,4.61,2023-01-02 21:20:41,clear sky
33,Wageningen,NL,51.9667,5.6667,45.1,99,7,6.91,2023-01-02 21:23:32,mist
34,Tuatapere,NZ,-46.1333,167.6833,66.83,59,98,2.13,2023-01-02 21:23:32,overcast clouds
35,Tuktoyaktuk,CA,69.4541,-133.0374,3.2,85,100,23.02,2023-01-02 21:23:33,light snow
36,Clermont,FR,49.5,2.4167,40.71,92,0,6.44,2023-01-02 21:23:33,clear sky
37,Geraldton,AU,-28.7667,114.6,82.81,20,69,16.11,2023-01-02 21:19:18,broken clouds
38,Boulsa,BF,12.6675,-0.5758,69.4,16,4,9.46,2023-01-02 21:23:34,clear sky
39,Pringsewu,ID,-5.3582,104.9744,71.51,94,98,1.68,2023-01-02 21:23:34,overcast clouds
40,Albany,US,42.6001,-73.9662,47.23,74,95,5.06,2023-01-02 21:23:23,overcast clouds
41,Klaksvik,FO,62.2266,-6.589,38.32,67,28,17.72,2023-01-02 21:23:35,scattered clouds
42,Chistogorskiy,RU,53.9835,87.3843,-6.05,100,96,2.75,2023-01-02 21:23:36,overcast clouds
43,Mbandaka,CD,0.0487,18.2603,73.9,78,54,3.74,2023-01-02 21:23:36,broken clouds
44,Nouakchott,MR,18.0858,-15.9785,75.13,26,22,10.63,2023-01-02 21:23:37,few clouds
45,Oranjestad,AW,12.524,-70.027,81.91,77,2,4.0,2023-01-02 21:21:07,clear sky
46,Chokurdakh,RU,70.6333,147.9167,-36.4,99,97,3.87,2023-01-02 21:23:37,overcast clouds
47,Roald,NO,62.5833,6.1333,34.32,64,0,9.22,2023-01-02 21:23:38,clear sky
48,Anadyr,RU,64.75,177.4833,-17.9,76,0,11.18,2023-01-02 21:23:38,clear sky
49,Agara,GE,42.0376,43.8238,40.91,45,0,1.57,2023-01-02 21:23:38,clear sky
50,Port Alfred,ZA,-33.5906,26.891,70.83,85,89,14.99,2023-01-02 21:23:39,overcast clouds
51,Nikolskoye,RU,59.7035,30.7861,26.49,97,100,3.13,2023-01-02 21:23:39,overcast clouds
52,Rocha,UY,-34.4833,-54.3333,71.69,63,62,15.19,2023-01-02 21:23:40,broken clouds
53,Weyburn,CA,49.6668,-103.8511,14.22,79,5,4.61,2023-01-02 21:23:40,clear sky
54,Hermanus,ZA,-34.4187,19.2345,71.8,84,1,9.98,2023-01-02 21:23:40,clear sky
55,Saint-Philippe,RE,-21.3585,55.7679,76.59,79,59,4.47,2023-01-02 21:23:41,light rain
56,Dikson,RU,73.5069,80.5464,-10.05,99,100,5.99,2023-01-02 21:23:41,overcast clouds
57,Lebu,CL,-37.6167,-73.65,60.48,67,30,15.35,2023-01-02 21:23:42,scattered clouds
58,Puerto Baquerizo Moreno,EC,-0.9,-89.6,81.59,65,20,16.11,2023-01-02 21:22:55,few clouds
59,Grootfontein,NA,-19.5667,18.1167,69.37,73,76,3.44,2023-01-02 21:23:42,light rain
60,Constitucion,CL,-35.3333,-72.4167,64.08,61,15,20.96,2023-01-02 21:23:43,few clouds
61,Nanortalik,GL,60.1432,-45.2371,10.45,62,64,12.24,2023-01-02 21:23:43,broken clouds
62,Kodiak,US,57.79,-152.4072,36.91,87,100,0.0,2023-01-02 21:23:44,light rain
63,Aklavik,CA,68.2191,-135.0107,3.2,78,100,11.5,2023-01-02 21:23:44,light snow
64,Hobart,AU,-42.8794,147.3294,58.05,78,75,11.5,2023-01-02 21:22:10,broken clouds
65,Ponta Do Sol,PT,32.6667,-17.1,61.72,64,38,8.9,2023-01-02 21:23:45,scattered clouds
66,Port Macquarie,AU,-31.4333,152.9167,69.89,76,86,5.26,2023-01-02 21:23:45,overcast clouds
67,Almaznyy,RU,48.0448,40.045,41.5,89,42,5.46,2023-01-02 21:23:45,scattered clouds
68,Tasiilaq,GL,65.6145,-37.6368,5.16,55,78,7.58,2023-01-02 21:23:46,broken clouds
69,Luderitz,NA,-26.6481,15.1594,66.18,79,0,7.92,2023-01-02 21:23:46,clear sky
70,Busselton,AU,-33.65,115.3333,58.32,86,0,13.69,2023-01-02 21:23:47,clear sky
71,Phan Thiet,VN,10.9333,108.1,72.27,89,92,3.0,2023-01-02 21:23:47,overcast clouds
72,Chute-Aux-Outardes,CA,49.1168,-68.399,22.98,63,100,4.61,2023-01-02 21:23:47,overcast clouds
73,Zhigansk,RU,66.7697,123.3711,-23.89,98,100,13.11,2023-01-02 21:23:48,overcast clouds
74,Sabinas Hidalgo,MX,26.5,-100.1667,90.59,14,7,12.68,2023-01-02 21:23:33,clear sky
75,Castro,BR,-24.7911,-50.0119,71.85,85,100,3.0,2023-01-02 21:23:48,overcast clouds
76,Mayahi,NE,13.9553,7.6712,63.0,24,36,11.36,2023-01-02 21:23:49,scattered clouds
77,Cape Town,ZA,-33.9258,18.4232,77.38,76,0,6.91,2023-01-02 21:23:49,clear sky
78,New Norfolk,AU,-42.7826,147.0587,57.7,60,29,1.01,2023-01-02 21:23:50,scattered clouds
79,Yamada,JP,39.4667,141.95,29.71,52,2,13.62,2023-01-02 21:23:50,clear sky
80,Mahebourg,MU,-20.4081,57.7,76.24,83,40,0.0,2023-01-02 21:23:50,scattered clouds
81,Chuy,UY,-33.6971,-53.4616,75.09,58,21,19.53,2023-01-02 21:23:51,few clouds
82,Tingi,TZ,-11.3,35.0333,64.08,86,82,3.15,2023-01-02 21:23:51,broken clouds
83,Bambous Virieux,MU,-20.3428,57.7575,76.21,83,40,0.0,2023-01-02 21:23:52,scattered clouds
84,Moindou,NC,-21.6924,165.677,76.77,75,23,5.53,2023-01-02 21:23:52,few clouds
85,Butaritari,KI,3.0707,172.7902,80.76,76,99,12.48,2023-01-02 21:23:53,overcast clouds
86,Port Hedland,AU,-20.3167,118.5667,82.45,83,100,9.22,2023-01-02 21:23:53,overcast clouds
87,Talnakh,RU,69.4865,88.3972,-22.61,98,99,4.5,2023-01-02 21:23:53,overcast clouds
88,Yilan,TW,24.757,121.753,67.01,95,100,2.01,2023-01-02 21:23:54,overcast clouds
89,Thompson,CA,55.7435,-97.8558,9.68,93,93,6.2,2023-01-02 21:21:04,overcast clouds
90,Miri,MY,4.4148,114.0089,75.34,94,40,4.61,2023-01-02 21:23:54,scattered clouds
91,Touros,BR,-5.1989,-35.4608,79.61,77,100,12.68,2023-01-02 21:23:55,overcast clouds
92,Malaya Vishera,RU,58.8454,32.2222,22.62,97,100,3.31,2023-01-02 21:23:55,overcast clouds
93,Buala,SB,-8.145,159.5921,80.42,82,100,8.55,2023-01-02 21:23:56,light rain
94,Belmonte,BR,-15.8631,-38.8828,74.07,88,100,5.3,2023-01-02 21:23:56,overcast clouds
95,Margate,GB,51.3813,1.3862,35.11,79,4,8.1,2023-01-02 21:23:57,clear sky
96,Khatanga,RU,71.9667,102.5,-7.42,97,100,12.26,2023-01-02 21:23:57,light snow
97,Przhevalskoye,RU,55.5093,31.8482,32.18,100,100,7.96,2023-01-02 21:23:57,snow
98,Carauari,BR,-4.8828,-66.8958,82.26,63,49,3.53,2023-01-02 21:23:58,scattered clouds
99,Arraial Do Cabo,BR,-22.9661,-42.0278,80.46,65,0,17.27,2023-01-02 21:23:59,clear sky
100,Torbay,CA,47.6666,-52.7314,31.39,89,75,14.97,2023-01-02 21:23:59,broken clouds
101,Ambilobe,MG,-13.2,49.05,73.08,92,83,4.05,2023-01-02 21:23:59,broken clouds
102,Bredasdorp,ZA,-34.5322,20.0403,68.29,91,50,9.04,2023-01-02 21:24:00,scattered clouds
103,Ostrovnoy,RU,68.0531,39.5131,22.71,80,100,19.39,2023-01-02 21:24:00,light snow
104,Gornopravdinsk,RU,60.05,69.9,11.95,91,100,12.88,2023-01-02 21:24:01,overcast clouds
105,Moranbah,AU,-22.0016,148.0466,73.58,75,21,7.07,2023-01-02 21:24:01,few clouds
106,Ferme-Neuve,CA,46.7001,-75.4493,33.84,88,97,5.48,2023-01-02 21:24:02,overcast clouds
107,Diego De Almagro,CL,-26.3667,-70.05,78.1,26,8,13.4,2023-01-02 21:24:02,clear sky
108,Ribeira Grande,PT,38.5167,-28.7,61.77,82,40,13.8,2023-01-02 21:24:03,scattered clouds
109,Vila Franca Do Campo,PT,37.7167,-25.4333,59.41,82,89,7.63,2023-01-02 21:24:03,overcast clouds
110,Sao Joao Da Barra,BR,-21.6403,-41.0511,77.09,83,1,21.94,2023-01-02 21:22:38,clear sky
111,Padang,ID,-0.9492,100.3543,75.25,84,100,3.58,2023-01-02 21:24:04,heavy intensity rain
112,Henties Bay,NA,-22.116,14.2845,66.0,90,45,9.17,2023-01-02 21:24:05,light rain
113,Asau,RO,46.4333,26.4,34.72,74,16,7.09,2023-01-02 21:24:05,few clouds
114,Finnsnes,NO,69.2296,17.9811,28.76,99,100,3.0,2023-01-02 21:24:06,light snow
115,Byron Bay,AU,-28.65,153.6167,70.72,77,18,4.72,2023-01-02 21:24:06,few clouds
116,Kavaratti,IN,10.5669,72.642,80.1,74,13,8.41,2023-01-02 21:24:06,few clouds
117,Vestmannaeyjar,IS,63.4427,-20.2734,41.56,61,100,7.16,2023-01-02 21:24:07,overcast clouds
118,Boende,CD,-0.2167,20.8667,74.86,74,82,2.59,2023-01-02 21:24:07,broken clouds
119,Aksarka,RU,66.5606,67.7975,-3.8,98,100,16.62,2023-01-02 21:24:08,light snow
120,Paracuru,BR,-3.41,-39.0306,81.1,79,80,12.3,2023-01-02 21:24:08,broken clouds
121,Coahuayana,MX,18.7333,-103.6833,85.78,42,48,6.49,2023-01-02 21:24:09,scattered clouds
122,Codrington,AU,-38.2667,141.9667,60.19,66,100,10.31,2023-01-02 21:24:09,overcast clouds
123,Palmeira,BR,-25.4294,-50.0064,71.55,90,100,1.43,2023-01-02 21:24:10,overcast clouds
124,Mataura,NZ,-46.1927,168.8643,67.05,54,100,1.48,2023-01-02 21:24:10,overcast clouds
125,Tailai,CN,46.3833,123.4,-5.08,86,1,3.15,2023-01-02 21:24:11,clear sky
126,Half Moon Bay,US,37.4636,-122.4286,54.18,72,100,14.97,2023-01-02 21:21:42,overcast clouds
127,Qaanaaq,GL,77.484,-69.3632,-4.02,57,20,0.65,2023-01-02 21:24:11,few clouds
128,Aswan,EG,24.0934,32.907,56.5,38,0,6.91,2023-01-02 21:24:12,clear sky
129,Areosa,PT,41.7178,-8.8571,50.16,78,7,4.21,2023-01-02 21:24:12,clear sky
130,Manga,BF,11.6636,-1.0731,71.1,16,7,8.61,2023-01-02 21:24:13,clear sky
131,Port Elizabeth,ZA,-33.918,25.5701,73.09,91,0,9.22,2023-01-02 21:24:13,clear sky
132,Pitimbu,BR,-7.4706,-34.8086,81.19,74,75,10.74,2023-01-02 21:24:14,broken clouds
133,Krasnyy Chikoy,RU,50.3643,108.7512,-21.26,99,51,1.14,2023-01-02 21:24:14,broken clouds
134,Alice Springs,AU,-23.7,133.8833,80.15,83,100,0.0,2023-01-02 21:19:56,overcast clouds
135,Champerico,GT,14.3,-91.9167,91.94,62,11,10.31,2023-01-02 21:24:15,few clouds
136,Calabozo,VE,8.9242,-67.4293,92.8,32,47,3.83,2023-01-02 21:24:15,scattered clouds
137,Ust-Maya,RU,60.4167,134.5333,-48.44,100,78,1.25,2023-01-02 21:24:16,broken clouds
138,Severnoye,RU,56.3491,78.3619,3.58,97,100,8.46,2023-01-02 21:24:16,overcast clouds
139,Souillac,MU,-20.5167,57.5167,75.58,83,40,0.0,2023-01-02 21:24:17,scattered clouds
140,Fortuna,US,40.5982,-124.1573,47.66,89,20,29.93,2023-01-02 21:20:32,few clouds
141,San Patricio,US,28.017,-97.5169,85.17,61,46,20.24,2023-01-02 21:24:18,scattered clouds
142,Atuona,PF,-9.8,-139.0333,78.78,71,31,21.81,2023-01-02 21:24:18,scattered clouds
143,Petropavlovsk-Kamchatskiy,RU,53.0452,158.6483,18.19,53,75,8.95,2023-01-02 21:24:19,light snow
144,Pacifica,US,37.6138,-122.4869,54.0,73,100,14.97,2023-01-02 21:22:23,overcast clouds
145,Waingapu,ID,-9.6567,120.2641,77.68,77,100,20.74,2023-01-02 21:24:20,overcast clouds
146,Hami,CN,42.8,93.45,18.21,58,27,1.81,2023-01-02 21:24:20,scattered clouds
147,Nouadhibou,MR,20.931,-17.0347,73.38,46,0,18.41,2023-01-02 21:24:20,clear sky
148,Verkhnevilyuysk,RU,63.4453,120.3167,-14.46,93,74,5.68,2023-01-02 21:24:21,broken clouds
149,Saint Anthony,US,45.0205,-93.218,26.29,90,100,5.75,2023-01-02 21:24:21,mist
150,Puerto Ayora,EC,-0.7393,-90.3518,82.36,89,54,3.0,2023-01-02 21:24:22,broken clouds
151,Pithiviers,FR,48.1667,2.25,45.95,90,92,6.49,2023-01-02 21:24:22,overcast clouds
152,Xai-Xai,MZ,-25.0519,33.6442,72.54,90,1,6.58,2023-01-02 21:24:23,clear sky
153,Raga,SS,8.4596,25.678,73.06,32,3,4.7,2023-01-02 21:24:23,clear sky
154,Haines Junction,CA,60.7522,-137.5108,30.15,86,95,3.44,2023-01-02 21:24:24,overcast clouds
155,Sholapur,IN,17.6833,75.9167,71.58,54,0,8.93,2023-01-02 21:20:21,clear sky
156,Dispur,IN,26.1425,91.7889,53.55,73,20,2.24,2023-01-02 21:24:24,few clouds
157,Lewistown,US,40.5992,-77.5714,51.08,100,100,0.0,2023-01-02 21:24:25,fog
158,Beringovskiy,RU,63.05,179.3167,-15.34,91,38,12.37,2023-01-02 21:24:25,scattered clouds
159,Pangnirtung,CA,66.1451,-65.7125,-18.4,76,20,6.91,2023-01-02 21:24:25,few clouds
160,Grindavik,IS,63.8424,-22.4338,36.07,87,75,12.66,2023-01-02 21:24:26,broken clouds
161,Lakhipur,IN,26.0299,90.3041,56.79,71,0,3.78,2023-01-02 21:24:26,clear sky
162,Leningradskiy,RU,69.3833,178.4167,-26.86,98,100,11.01,2023-01-02 21:24:27,overcast clouds
163,Bella Union,UY,-30.2752,-57.6007,92.34,11,0,13.04,2023-01-02 21:24:27,clear sky
164,Hoquiam,US,46.9809,-123.8893,45.93,81,100,3.0,2023-01-02 21:24:28,overcast clouds
165,Muisne,EC,0.6,-80.0333,79.36,70,62,6.53,2023-01-02 21:24:28,broken clouds
166,Kharp,RU,66.8014,65.8081,-5.51,97,100,15.64,2023-01-02 21:24:28,light snow
167,Tucupita,VE,9.0622,-62.051,76.06,90,37,5.3,2023-01-02 21:24:29,scattered clouds
168,Kaitangata,NZ,-46.2817,169.8464,63.95,65,100,1.25,2023-01-02 21:24:29,overcast clouds
169,Yellowknife,CA,62.456,-114.3525,1.92,85,75,19.57,2023-01-02 21:24:30,light snow
170,Merauke,ID,-8.4667,140.3333,79.11,84,99,7.16,2023-01-02 21:24:30,overcast clouds
171,Bougouni,ML,11.417,-7.479,74.77,14,40,5.75,2023-01-02 21:24:31,scattered clouds
172,Comodoro Rivadavia,AR,-45.8667,-67.5,80.46,14,20,23.02,2023-01-02 21:24:31,few clouds
173,Saskylakh,RU,71.9167,114.0833,-9.69,98,100,5.64,2023-01-02 21:24:31,overcast clouds
174,Matara,LK,5.9485,80.5353,71.29,90,14,3.02,2023-01-02 21:24:32,few clouds
175,Cherskiy,RU,68.75,161.3,-49.04,99,74,5.19,2023-01-02 21:24:32,broken clouds
176,Ube,JP,33.9431,131.2511,42.75,64,25,5.61,2023-01-02 21:24:33,scattered clouds
177,Yuksekova,TR,37.5736,44.2872,13.75,79,20,0.0,2023-01-02 21:24:33,mist
178,Svetlogorsk,BY,52.6333,29.7333,46.31,85,100,12.35,2023-01-02 21:24:33,overcast clouds
179,Bindi,SL,9.9167,-11.45,74.95,18,1,4.45,2023-01-02 21:24:34,clear sky
180,Linxia,CN,35.6003,103.2064,21.45,56,0,1.3,2023-01-02 21:24:34,clear sky
181,Belle Fourche,US,44.6714,-103.8522,37.51,74,100,9.84,2023-01-02 21:24:35,overcast clouds
182,Sokolo,ML,14.7328,-6.1219,75.42,14,48,9.93,2023-01-02 21:24:35,scattered clouds
183,Daru,PG,-9.0763,143.2092,78.96,83,100,4.27,2023-01-02 21:24:36,overcast clouds
184,Bengkulu,ID,-3.8004,102.2655,74.32,89,100,4.03,2023-01-02 21:24:36,light rain
185,Faanui,PF,-16.4833,-151.75,80.8,77,72,16.62,2023-01-02 21:24:36,broken clouds
186,Oak Ridge,US,36.0104,-84.2696,64.74,76,100,0.0,2023-01-02 21:19:51,overcast clouds
187,San Jose,US,37.3394,-121.895,54.12,62,100,17.27,2023-01-02 21:20:57,overcast clouds
188,Isla Mujeres,MX,21.2311,-86.731,82.45,76,44,11.41,2023-01-02 21:24:37,light rain
189,Aykhal,RU,66.0,111.5,-10.95,87,100,7.16,2023-01-02 21:24:38,overcast clouds
190,Nampula,MZ,-15.1165,39.2666,71.06,94,100,2.19,2023-01-02 21:24:38,light rain
191,Paita,PE,-5.0892,-81.1144,73.47,70,66,15.14,2023-01-02 21:24:39,broken clouds
192,Vanavara,RU,60.34,102.2797,1.8,95,99,7.85,2023-01-02 21:24:39,overcast clouds
193,Namibe,AO,-15.1961,12.1522,74.64,88,100,3.11,2023-01-02 21:24:39,overcast clouds
194,Kurtalan,TR,37.9272,41.7028,41.2,34,0,1.74,2023-01-02 21:24:40,clear sky
195,Bathsheba,BB,13.2167,-59.5167,81.21,69,40,18.41,2023-01-02 21:24:40,scattered clouds
196,Luanda,AO,-8.8368,13.2343,77.63,81,100,5.99,2023-01-02 21:24:41,overcast clouds
197,Aksu,CN,41.1231,80.2644,18.9,48,35,3.36,2023-01-02 21:24:41,scattered clouds
198,Corn Island,NI,12.1694,-83.0418,80.33,74,52,17.76,2023-01-02 21:24:42,broken clouds
199,Kedrovyy,RU,56.1667,91.8167,-0.13,96,73,4.27,2023-01-02 21:24:42,broken clouds
200,Sioux Lookout,CA,50.1001,-91.917,17.67,93,100,6.91,2023-01-02 21:24:43,mist
201,Taoudenni,ML,22.6783,-3.9836,67.53,13,0,11.34,2023-01-02 21:24:43,clear sky
202,Mar Del Plata,AR,-38.0023,-57.5575,74.82,47,0,9.22,2023-01-02 21:24:43,clear sky
203,Port Blair,IN,11.6667,92.75,78.84,65,40,3.44,2023-01-02 21:24:44,haze
204,Kasempa,ZM,-13.4584,25.8338,61.93,97,100,2.57,2023-01-02 21:24:44,overcast clouds
205,Kismayo,SO,-0.3582,42.5454,78.87,81,0,14.67,2023-01-02 21:24:45,clear sky
206,Nichinan,JP,31.6,131.3667,40.68,69,0,6.93,2023-01-02 21:24:45,clear sky
207,Darnah,LY,32.767,22.6367,59.52,67,0,7.0,2023-01-02 21:24:23,clear sky
208,Lasa,IT,46.6166,10.7002,41.02,94,100,1.48,2023-01-02 21:24:46,overcast clouds
209,Quime,BO,-16.9833,-67.2167,57.72,77,100,5.55,2023-01-02 21:24:46,overcast clouds
210,Faya,SA,18.3851,42.4509,55.92,65,22,2.66,2023-01-02 21:24:47,few clouds
211,Motta Di Livenza,IT,45.7781,12.6028,51.39,88,100,1.21,2023-01-02 21:24:47,overcast clouds
212,Ada,US,43.4166,-116.1262,34.21,72,0,9.22,2023-01-02 21:24:47,clear sky
213,Cabo San Lucas,MX,22.8909,-109.9124,77.61,53,0,11.5,2023-01-02 21:24:44,clear sky
214,Kahului,US,20.8947,-156.47,79.97,73,40,14.97,2023-01-02 21:22:38,scattered clouds
215,Alofi,NU,-19.0595,-169.9187,82.29,83,100,6.91,2023-01-02 21:24:48,overcast clouds
216,Lorengau,PG,-2.0226,147.2712,82.27,78,100,9.06,2023-01-02 21:24:49,overcast clouds
217,Miles City,US,46.4083,-105.8406,29.37,74,0,5.75,2023-01-02 21:24:49,clear sky
218,Hovd,MN,48.0056,91.6419,-4.09,76,13,4.43,2023-01-02 21:24:49,few clouds
219,Gondal,IN,21.9667,70.8,58.98,30,55,8.3,2023-01-02 21:24:50,broken clouds
220,Tariba,VE,7.8188,-72.2243,73.96,73,88,0.11,2023-01-02 21:24:50,overcast clouds
221,Gazanjyk,TM,39.2446,55.5154,44.87,46,8,10.76,2023-01-02 21:24:51,clear sky
222,Sinnamary,GF,5.3833,-52.95,78.22,83,99,8.16,2023-01-02 21:24:51,overcast clouds
223,Manicore,BR,-5.8092,-61.3003,75.65,94,99,2.64,2023-01-02 21:24:52,light rain
224,Ketchikan,US,55.3422,-131.6461,37.87,93,100,3.44,2023-01-02 21:22:13,moderate rain
225,Hualmay,PE,-11.0964,-77.6139,73.42,77,99,10.38,2023-01-02 21:24:52,overcast clouds
226,Amahai,ID,-3.3333,128.9167,77.49,81,100,5.28,2023-01-02 21:24:53,overcast clouds
227,Honningsvag,NO,70.9821,25.9704,33.55,75,75,13.8,2023-01-02 21:24:53,broken clouds
228,Mao,ES,39.8885,4.2658,54.16,100,100,0.0,2023-01-02 21:24:54,mist
229,Urumqi,CN,43.801,87.6005,4.15,92,75,2.24,2023-01-02 21:20:01,mist
230,East London,ZA,-33.0153,27.9116,71.62,84,100,16.08,2023-01-02 21:24:54,overcast clouds
231,Coos Bay,US,43.3665,-124.2179,50.99,88,100,13.8,2023-01-02 21:24:55,overcast clouds
232,Quatre Cocos,MU,-20.2078,57.7625,76.08,71,27,5.97,2023-01-02 21:24:55,scattered clouds
233,Mancio Lima,BR,-7.6142,-72.8958,87.87,58,40,9.22,2023-01-02 21:24:55,scattered clouds
234,Akyab,MM,20.15,92.9,63.59,56,3,7.81,2023-01-02 21:24:56,clear sky
235,Eenhana,NA,-17.4667,16.3333,72.23,68,82,3.18,2023-01-02 21:24:56,light rain
236,Bethel,US,41.3712,-73.414,51.67,70,85,1.99,2023-01-02 21:24:57,overcast clouds
237,Riverton,US,40.5219,-111.9391,32.77,90,100,6.91,2023-01-02 21:20:31,light snow
238,Grand Gaube,MU,-20.0064,57.6608,76.37,74,23,8.97,2023-01-02 21:24:57,few clouds
239,Lakeland,US,28.0395,-81.9498,82.58,58,40,9.22,2023-01-02 21:24:58,scattered clouds
240,Etawah,IN,26.7769,79.0239,48.36,54,4,4.65,2023-01-02 21:24:58,clear sky
241,Zalantun,CN,48.0,122.7167,-3.95,83,1,8.1,2023-01-02 21:24:58,clear sky
242,Mount Isa,AU,-20.7333,139.5,76.77,100,100,3.44,2023-01-02 21:24:59,overcast clouds
243,Clearwater,US,27.9659,-82.8001,83.1,70,0,7.0,2023-01-02 21:24:59,clear sky
244,Hilo,US,19.7297,-155.09,80.33,71,75,8.01,2023-01-02 21:25:00,broken clouds
245,Hingorja,PK,27.2109,68.416,58.41,28,87,7.25,2023-01-02 21:25:00,overcast clouds
246,Winnemucca,US,40.973,-117.7357,33.85,60,100,17.27,2023-01-02 21:24:53,overcast clouds
247,Tingo Maria,PE,-9.2895,-76.0088,81.86,69,100,3.6,2023-01-02 21:25:01,overcast clouds
248,Gari,RU,59.4307,62.3497,13.19,97,100,2.28,2023-01-02 21:25:01,overcast clouds
249,Kuloy,RU,61.0305,42.4925,21.87,90,100,11.1,2023-01-02 21:25:01,overcast clouds
250,Araxa,BR,-19.5933,-46.9406,70.3,89,72,3.8,2023-01-02 21:22:54,light rain
251,Charters Towers,AU,-20.1,146.2667,73.76,78,28,8.41,2023-01-02 21:25:02,scattered clouds
252,Buraydah,SA,26.326,43.975,55.85,73,100,5.97,2023-01-02 21:25:02,heavy intensity rain
253,Brenham,US,30.1669,-96.3977,78.71,79,100,18.41,2023-01-02 21:24:12,overcast clouds
254,Palakkad,IN,10.7833,76.65,69.46,73,4,6.67,2023-01-02 21:25:03,clear sky
255,Kusa,RU,55.3383,59.4406,22.6,95,100,8.19,2023-01-02 21:25:03,snow
256,Iracoubo,GF,5.4802,-53.2011,77.97,83,100,8.28,2023-01-02 21:25:04,overcast clouds
257,Zlynka,RU,52.4267,31.7378,45.59,92,100,11.72,2023-01-02 21:25:04,overcast clouds
258,Kano,NG,12.0001,8.5167,58.89,55,100,4.61,2023-01-02 21:25:05,haze
259,Mattru,SL,7.6244,-11.8332,74.98,83,0,3.98,2023-01-02 21:25:05,clear sky
260,Linguere,SN,15.3953,-15.1193,77.22,29,0,4.61,2023-01-02 21:25:06,clear sky
261,Mizan Teferi,ET,6.9833,35.5833,61.72,79,21,3.58,2023-01-02 21:25:06,light rain
262,Korla,CN,41.7597,86.1469,17.33,64,96,2.86,2023-01-02 21:25:06,overcast clouds
263,Kampong Thum,KH,12.7111,104.8887,70.59,78,96,4.99,2023-01-02 21:25:07,overcast clouds
264,Vila,PT,42.0304,-8.1588,38.28,91,5,3.02,2023-01-02 21:25:07,clear sky
265,Tura,IN,25.5198,90.2201,55.44,69,0,4.18,2023-01-02 21:25:08,clear sky
266,Deputatskiy,RU,69.3,139.9,-38.06,98,82,4.97,2023-01-02 21:25:08,broken clouds
267,Tiksi,RU,71.6872,128.8694,-14.6,98,100,6.71,2023-01-02 21:25:09,overcast clouds
268,Moerai,PF,-22.4333,-151.3333,79.38,85,100,21.27,2023-01-02 21:25:09,light rain
269,Lahad Datu,MY,5.0268,118.327,73.83,95,96,7.47,2023-01-02 21:25:10,overcast clouds
270,Jurado,CO,7.1053,-77.7641,78.39,84,58,5.55,2023-01-02 21:25:10,light rain
271,Artyom,AZ,40.4723,50.333,46.54,58,15,23.64,2023-01-02 21:25:11,few clouds
272,Koshurnikovo,RU,54.1667,93.3,-12.73,100,66,4.29,2023-01-02 21:25:11,broken clouds
273,Coutances,FR,49.05,-1.4333,44.22,93,5,11.34,2023-01-02 21:25:12,clear sky
274,Qinhuangdao,CN,39.9317,119.5883,20.82,26,0,4.52,2023-01-02 21:25:12,clear sky
275,Carnarvon,AU,-24.8667,113.6333,74.97,82,41,9.01,2023-01-02 21:25:12,scattered clouds
276,Puerto Carreno,CO,6.189,-67.4859,89.58,55,40,9.22,2023-01-02 21:25:13,scattered clouds
277,Mikkeli,FI,61.6886,27.2723,17.71,93,20,2.3,2023-01-02 21:25:13,few clouds
278,Mumford,GH,5.2618,-0.759,78.67,81,9,7.07,2023-01-02 21:25:14,clear sky
279,Doume,CM,4.2333,13.45,75.31,35,59,2.13,2023-01-02 21:25:14,broken clouds
280,Yelabuga,RU,55.7613,52.0649,29.75,93,100,14.32,2023-01-02 21:25:15,overcast clouds
281,Ingham,US,42.6,-84.3833,42.19,89,100,3.44,2023-01-02 21:25:15,mist
282,Georgetown,MY,5.4112,100.3354,78.89,86,20,6.91,2023-01-02 21:25:16,few clouds
283,Maamba,ZM,-17.3667,27.15,66.47,96,100,1.23,2023-01-02 21:25:16,overcast clouds
284,Saint George,US,37.1041,-113.5841,45.43,61,100,9.22,2023-01-02 21:23:23,overcast clouds
285,Manzanillo,CU,20.3433,-77.1167,88.99,40,23,13.11,2023-01-02 21:25:18,few clouds
286,Asmara,ER,15.3333,38.9333,55.53,72,100,2.1,2023-01-02 21:25:18,overcast clouds
287,Sun Valley,US,39.5963,-119.776,34.2,79,75,4.0,2023-01-02 21:25:18,light snow
288,Neftcala,AZ,39.3742,49.2472,48.04,75,4,6.6,2023-01-02 21:25:19,clear sky
289,Tual,ID,-5.6667,132.75,83.44,77,100,15.35,2023-01-02 21:25:19,overcast clouds
290,Ligayan,PH,4.6533,119.4706,80.26,81,99,18.12,2023-01-02 21:25:20,overcast clouds
291,Chapais,CA,49.7834,-74.8492,26.38,97,100,5.97,2023-01-02 21:25:20,light snow
292,Porto Novo,BJ,6.4965,2.6036,80.42,60,100,5.3,2023-01-02 21:25:21,overcast clouds
293,Karratha,AU,-20.7377,116.8463,84.56,47,100,19.77,2023-01-02 21:25:21,overcast clouds
294,Esperance,AU,-33.8667,121.9,60.33,85,62,7.61,2023-01-02 21:25:22,broken clouds
295,Te Anau,NZ,-45.4167,167.7167,64.67,56,100,3.38,2023-01-02 21:25:22,overcast clouds
296,Ennis,IE,52.8436,-8.9864,42.73,81,75,9.22,2023-01-02 21:25:23,broken clouds
297,Tonantins,BR,-2.8731,-67.8022,75.97,89,100,2.24,2023-01-02 21:25:23,overcast clouds
298,Cidreira,BR,-30.1811,-50.2056,74.14,89,66,2.59,2023-01-02 21:25:23,broken clouds
299,Victoria,HK,22.2855,114.1577,62.33,74,77,11.99,2023-01-02 21:20:43,broken clouds
300,Nyurba,RU,63.2842,118.3319,-8.3,91,62,8.19,2023-01-02 21:25:24,broken clouds
301,Pithora,IN,21.2667,82.5167,59.0,58,0,3.65,2023-01-02 21:25:24,clear sky
302,Katsuura,JP,35.1333,140.3,41.63,48,93,6.93,2023-01-02 21:25:25,overcast clouds
303,Seoul,KR,37.5683,126.9778,13.44,76,0,2.3,2023-01-02 21:25:25,clear sky
304,Bedford,GB,52.1346,-0.4663,37.11,88,19,6.73,2023-01-02 21:25:26,few clouds
305,Simao,CN,22.7886,100.9748,46.8,94,3,2.19,2023-01-02 21:25:26,clear sky
306,Dom Pedro,BR,-4.4833,-44.45,77.2,87,97,1.88,2023-01-02 21:25:27,overcast clouds
307,Solnechnyy,RU,50.7214,136.6319,-20.54,91,10,2.82,2023-01-02 21:25:27,clear sky
308,Donetsk,UA,48.0,37.8,42.76,92,23,4.27,2023-01-02 21:25:27,few clouds
309,Northam,GB,51.0333,-4.2167,40.24,95,6,9.44,2023-01-02 21:25:28,clear sky
310,Ilulissat,GL,69.2167,-51.1,-3.98,77,100,25.32,2023-01-02 21:25:28,overcast clouds
311,Tarakan,ID,3.3,117.6333,78.3,83,40,8.05,2023-01-02 21:25:29,scattered clouds
312,Pimenta Bueno,BR,-11.6725,-61.1936,78.94,89,44,5.12,2023-01-02 21:22:26,scattered clouds
313,Havre-Saint-Pierre,CA,50.2334,-63.5986,24.8,75,88,11.5,2023-01-02 21:25:29,overcast clouds
314,Velikovechnoye,RU,44.934,39.755,40.55,85,55,5.64,2023-01-02 21:25:30,broken clouds
315,Lixourion,GR,38.2019,20.4314,56.17,78,0,3.98,2023-01-02 21:25:30,clear sky
316,North Bend,US,43.4065,-124.2243,50.92,87,100,13.8,2023-01-02 21:24:47,overcast clouds
317,Ndele,CF,8.4109,20.6473,79.36,26,55,7.31,2023-01-02 21:25:31,broken clouds
318,Shestakovo,RU,56.4915,103.96,-2.51,98,100,4.45,2023-01-02 21:25:31,overcast clouds
319,Naze,JP,28.3667,129.4833,56.32,72,84,11.41,2023-01-02 21:25:32,broken clouds
320,Tabou,CI,4.423,-7.3528,78.85,74,4,6.04,2023-01-02 21:25:32,clear sky
321,Port Lincoln,AU,-34.7333,135.8667,61.5,70,100,15.46,2023-01-02 21:25:32,overcast clouds
322,Yumen,CN,40.2833,97.2,15.84,50,0,2.53,2023-01-02 21:25:33,clear sky
323,Saldanha,ZA,-33.0117,17.9442,59.05,91,12,6.44,2023-01-02 21:25:33,few clouds
324,Kisangani,CD,0.5167,25.2,73.27,69,99,2.51,2023-01-02 21:25:34,overcast clouds
325,Sanghar,PK,26.0466,68.9481,59.41,24,20,8.28,2023-01-02 21:25:34,few clouds
326,Nioro,GM,13.35,-15.75,81.82,15,75,5.7,2023-01-02 21:25:35,broken clouds
327,Dubbo,AU,-32.25,148.6167,73.53,83,0,4.61,2023-01-02 21:25:35,clear sky
328,Kruisfontein,ZA,-34.0033,24.7314,70.88,79,100,4.09,2023-01-02 21:25:35,overcast clouds
329,Araouane,ML,18.9048,-3.5265,64.87,13,0,10.76,2023-01-02 21:21:11,clear sky
330,Nome,US,64.5011,-165.4064,15.87,79,100,10.36,2023-01-02 21:23:22,overcast clouds
331,Port Augusta,AU,-32.5,137.7667,63.82,66,0,19.51,2023-01-02 21:25:36,clear sky
332,Sao Filipe,CV,14.8961,-24.4956,76.39,65,86,8.97,2023-01-02 21:25:37,overcast clouds
333,Sitka,US,57.0531,-135.33,42.69,81,100,5.75,2023-01-02 21:25:37,light rain
334,Honiara,SB,-9.4333,159.95,78.96,85,100,3.44,2023-01-02 21:25:37,overcast clouds
335,Suna,RU,57.8338,50.0588,23.45,92,98,13.13,2023-01-02 21:25:38,light snow
336,Kanalia,GR,39.5,22.8833,40.06,67,0,1.9,2023-01-02 21:25:38,clear sky
337,Varazze,IT,44.3595,8.5741,60.73,96,100,8.99,2023-01-02 21:25:39,overcast clouds
338,Am Timan,TD,11.0297,20.2827,77.41,30,0,6.42,2023-01-02 21:25:39,clear sky
339,Usinsk,RU,65.9939,57.5281,-6.48,94,98,7.63,2023-01-02 21:25:39,overcast clouds
340,Cizre,TR,37.3272,42.1903,40.21,65,0,9.22,2023-01-02 21:25:40,clear sky
341,Porto Belo,BR,-27.1578,-48.5531,78.75,85,73,9.22,2023-01-02 21:25:40,broken clouds
342,Mangualde,PT,40.6043,-7.7612,39.69,84,9,2.17,2023-01-02 21:25:41,clear sky
343,San Quintin,MX,30.4833,-115.95,59.76,57,76,11.81,2023-01-02 21:25:41,broken clouds
344,Cleburne,US,32.3476,-97.3867,79.41,73,75,13.8,2023-01-02 21:25:42,broken clouds
345,Tadine,NC,-21.55,167.8833,79.54,72,0,5.26,2023-01-02 21:25:42,clear sky
346,Tsabong,BW,-26.0217,22.401,81.46,35,65,18.5,2023-01-02 21:25:43,broken clouds
347,Da Lat,VN,11.9465,108.4419,57.56,98,84,4.14,2023-01-02 21:25:43,broken clouds
348,Black River,JM,18.0264,-77.8487,81.34,67,61,7.65,2023-01-02 21:25:43,broken clouds
349,Nueva Loja,EC,0.0847,-76.8828,78.82,78,100,1.14,2023-01-02 21:25:44,overcast clouds
350,Kajaani,FI,64.2273,27.7285,6.85,85,0,1.14,2023-01-02 21:25:44,clear sky
351,Cap Malheureux,MU,-19.9842,57.6142,76.46,74,24,9.28,2023-01-02 21:25:45,few clouds
352,Stromness,GB,58.965,-3.296,38.88,87,8,13.0,2023-01-02 21:25:45,clear sky
353,Longyearbyen,SJ,78.2186,15.6401,33.64,64,40,25.32,2023-01-02 21:25:45,light snow
354,Berlevag,NO,70.8578,29.0864,28.4,74,75,13.8,2023-01-02 21:25:46,broken clouds
355,San Lorenzo,PY,-25.3333,-57.5333,81.59,74,75,11.99,2023-01-02 21:25:46,broken clouds
356,Airai,TL,-8.9266,125.4092,61.25,92,100,6.31,2023-01-02 21:25:47,overcast clouds
357,Sisimiut,GL,66.9395,-53.6735,-1.7,83,99,16.24,2023-01-02 21:25:47,overcast clouds
358,Kavieng,PG,-2.5744,150.7967,82.83,75,99,6.87,2023-01-02 21:25:47,overcast clouds
359,Domoni,KM,-12.2569,44.5319,79.65,83,92,5.23,2023-01-02 21:25:48,light rain
360,Cockburn Town,TC,21.4612,-71.1419,78.76,69,40,10.36,2023-01-02 21:25:48,scattered clouds
361,Bubaque,GW,11.2833,-15.8333,78.48,74,35,11.14,2023-01-02 21:25:49,scattered clouds
362,Srednekolymsk,RU,67.45,153.6833,-30.19,97,100,7.02,2023-01-02 21:25:49,overcast clouds
363,Komsomolskiy,UZ,40.4272,71.7189,30.92,93,100,6.91,2023-01-02 21:25:49,fog
364,Soyo,AO,-6.1349,12.3689,77.9,86,99,5.77,2023-01-02 21:25:50,overcast clouds
365,Sorkjosen,NO,69.8,20.9333,26.6,74,100,3.44,2023-01-02 21:25:50,light snow
366,Erzin,TR,36.9559,36.2,50.23,27,0,6.85,2023-01-02 21:25:51,clear sky
367,Saharsa,IN,25.8833,86.6,53.89,63,0,4.76,2023-01-02 21:25:51,clear sky
368,Huaraz,PE,-9.5333,-77.5333,53.38,89,100,7.02,2023-01-02 21:25:51,light rain
369,Whitehorse,CA,60.7161,-135.0538,32.77,74,75,12.66,2023-01-02 21:25:52,broken clouds
370,Malakal,SS,9.5334,31.6605,79.93,31,6,7.23,2023-01-02 21:25:52,clear sky
371,Axim,GH,4.8699,-2.2405,79.36,81,14,6.04,2023-01-02 21:25:53,few clouds
372,Gannan,CN,47.9147,123.5031,-3.96,82,1,6.4,2023-01-02 21:25:53,clear sky
373,Niksic,ME,42.7731,18.9445,33.66,86,100,1.39,2023-01-02 21:25:54,overcast clouds
374,Bahia Blanca,AR,-38.7196,-62.2724,84.29,33,0,11.5,2023-01-02 21:22:28,clear sky
375,Inuvik,CA,68.3499,-133.7218,5.76,85,100,11.5,2023-01-02 21:20:59,light snow
376,Pisco,PE,-13.7,-76.2167,75.25,69,61,28.77,2023-01-02 21:25:18,dust
377,Bonavista,CA,48.6499,-53.1147,32.27,96,100,11.9,2023-01-02 21:25:55,light snow
378,Roros,NO,62.5747,11.3842,1.89,70,21,1.95,2023-01-02 21:25:55,few clouds
379,Laguna,US,38.421,-121.4238,52.75,72,100,10.36,2023-01-02 21:25:55,overcast clouds
380,Kutum,SD,14.2,24.6667,59.94,34,0,10.85,2023-01-02 21:25:56,clear sky
381,Husavik,IS,66.0449,-17.3389,32.74,83,100,11.81,2023-01-02 21:25:56,overcast clouds
382,Iqaluit,CA,63.7506,-68.5145,-4.27,83,75,2.3,2023-01-02 21:25:57,light snow
383,Nizhniy Tsasuchey,RU,50.5167,115.1333,-13.54,94,5,4.25,2023-01-02 21:25:57,clear sky
384,Dawei,MM,14.0833,98.2,67.93,75,92,5.68,2023-01-02 21:25:57,overcast clouds
385,Toba,JP,34.4833,136.85,42.8,71,49,17.78,2023-01-02 21:25:58,scattered clouds
386,Baruun-Urt,MN,46.6806,113.2792,-14.55,96,9,4.7,2023-01-02 21:25:58,clear sky
387,Hita,JP,33.3167,130.9333,33.15,66,7,2.93,2023-01-02 21:25:59,clear sky
388,Vanimo,PG,-2.6741,141.3028,76.6,88,88,5.23,2023-01-02 21:25:59,overcast clouds
389,Camocim,BR,-2.9022,-40.8411,80.53,77,48,15.93,2023-01-02 21:26:00,scattered clouds
390,Tiznit,MA,29.5833,-9.5,58.57,36,19,0.92,2023-01-02 21:26:00,few clouds
391,Poronaysk,RU,49.2167,143.1167,-11.72,95,83,5.77,2023-01-02 21:26:01,broken clouds
392,Jalu,LY,29.0331,21.5482,57.49,57,4,9.28,2023-01-02 21:26:01,clear sky
393,Tevaitoa,PF,-16.7833,-151.5,80.83,77,84,16.11,2023-01-02 21:26:02,light rain
394,Yulara,AU,-25.2406,130.9889,80.67,50,59,21.47,2023-01-02 21:26:02,broken clouds
395,Holme,DK,56.1138,10.1725,40.57,90,56,17.76,2023-01-02 21:24:59,broken clouds
396,Zhanaozen,KZ,43.3,52.8,44.73,83,100,18.5,2023-01-02 21:26:03,overcast clouds
397,Qaqortoq,GL,60.7167,-46.0333,-4.13,65,27,6.89,2023-01-02 21:26:03,scattered clouds
398,Xifeng,CN,42.7372,124.7222,-1.48,90,5,4.05,2023-01-02 21:26:04,clear sky
399,Santiago De Cao,PE,-7.9589,-79.2392,73.53,78,73,17.27,2023-01-02 21:26:04,fog
400,Santander,ES,43.4647,-3.8044,49.46,87,0,4.0,2023-01-02 21:26:05,clear sky
401,Krasnoselkup,RU,65.7,82.4667,-23.4,99,66,7.09,2023-01-02 21:26:05,broken clouds
402,Maceio,BR,-9.6658,-35.7353,78.24,83,20,8.05,2023-01-02 21:24:14,few clouds
403,Kongolo,CD,-5.3833,27.0,68.86,96,100,1.34,2023-01-02 21:26:06,light rain
404,Balkhash,KZ,46.844,74.9804,28.08,97,100,15.79,2023-01-02 21:26:06,light snow
405,Tautira,PF,-17.7333,-149.15,79.59,81,50,17.98,2023-01-02 21:26:07,scattered clouds
406,Tigre,AR,-34.426,-58.5796,87.28,24,0,10.36,2023-01-02 21:26:07,clear sky
407,Walvis Bay,NA,-22.9575,14.5053,65.35,82,47,6.91,2023-01-02 21:26:07,scattered clouds
408,Batangafo,CF,7.3008,18.2833,76.95,28,7,5.23,2023-01-02 21:26:08,clear sky
409,Pacific Grove,US,36.6177,-121.9166,52.43,80,100,10.0,2023-01-02 21:26:08,light rain
410,Ossora,RU,59.2353,163.0719,1.44,96,100,11.88,2023-01-02 21:26:09,overcast clouds
411,Valparaiso,CL,-33.0393,-71.6273,79.03,46,0,12.66,2023-01-02 21:24:33,clear sky
412,Broome,US,42.2506,-75.833,52.18,70,0,1.01,2023-01-02 21:26:10,clear sky
413,Vila Velha,BR,-20.3297,-40.2925,75.15,90,75,8.05,2023-01-02 21:26:08,broken clouds
414,Amiens,FR,49.9,2.3,43.79,94,8,6.4,2023-01-02 21:26:10,clear sky
415,Dingle,PH,10.9995,122.6711,74.68,96,100,9.8,2023-01-02 21:26:12,moderate rain
416,Badulla,LK,6.9895,81.0557,62.62,93,63,5.5,2023-01-02 21:26:12,broken clouds
417,Kuytun,RU,54.3419,101.5036,-2.36,98,100,3.09,2023-01-02 21:26:13,overcast clouds
418,Barcelos,PT,41.5388,-8.6151,49.84,87,8,3.58,2023-01-02 21:26:13,clear sky
419,Takoradi,GH,4.8845,-1.7554,79.68,78,8,6.44,2023-01-02 21:26:13,clear sky
420,Mlandizi,TZ,-6.7,38.7333,73.72,90,67,4.21,2023-01-02 21:26:14,broken clouds
421,Kyshtovka,RU,56.555,76.6271,4.51,97,100,9.78,2023-01-02 21:26:14,overcast clouds
422,Nuevo Progreso,MX,23.1667,-97.95,77.9,69,90,5.99,2023-01-02 21:26:15,overcast clouds
423,Amparafaravola,MG,-17.5833,48.2167,67.21,93,100,3.15,2023-01-02 21:26:16,overcast clouds
424,Dudinka,RU,69.4058,86.1778,-27.89,99,55,6.96,2023-01-02 21:26:16,broken clouds
425,Upernavik,GL,72.7868,-56.1549,-16.55,86,47,4.79,2023-01-02 21:26:16,scattered clouds
426,Bayshore Gardens,US,27.4253,-82.5904,83.23,57,40,8.05,2023-01-02 21:26:17,scattered clouds
427,Denizli,TR,37.8402,29.0698,44.11,52,0,1.32,2023-01-02 21:26:17,clear sky
428,Lagoa,PT,39.05,-27.9833,59.76,82,100,20.56,2023-01-02 21:26:18,overcast clouds
429,Westport,US,41.1415,-73.3579,52.93,72,20,6.91,2023-01-02 21:22:54,few clouds
430,Ballina,AU,-28.8667,153.5667,72.01,85,30,5.7,2023-01-02 21:26:18,scattered clouds
431,Yinchuan,CN,38.4681,106.2731,22.23,34,0,2.75,2023-01-02 21:26:19,clear sky
432,Sorland,NO,67.667,12.6934,37.26,68,94,25.43,2023-01-02 21:26:19,overcast clouds
433,Mahon,ES,39.8885,4.2658,54.16,100,100,0.0,2023-01-02 21:24:54,mist
434,Baherden,TM,38.4362,57.4316,44.4,40,4,4.56,2023-01-02 21:26:20,clear sky
435,Dongsheng,CN,39.8161,109.9776,14.23,57,0,5.88,2023-01-02 21:26:20,clear sky
436,Ewa Beach,US,21.3156,-158.0072,82.35,69,75,10.36,2023-01-02 21:22:35,broken clouds
437,Doka,SD,13.5167,35.7667,77.47,53,28,6.78,2023-01-02 21:26:21,light rain
438,Sorong,ID,-0.8833,131.25,80.42,81,100,6.55,2023-01-02 21:26:21,overcast clouds
439,Yermakovskoye,RU,53.2831,92.4003,-14.53,100,96,1.36,2023-01-02 21:26:21,overcast clouds
440,Xinxiang,CN,35.3089,113.8672,31.39,44,0,2.19,2023-01-02 21:26:22,clear sky
441,Kapoeta,SS,4.7717,33.5903,82.47,43,41,18.03,2023-01-02 21:26:22,scattered clouds
442,Beaufort,MY,5.3473,115.7455,74.26,95,100,3.18,2023-01-02 21:26:23,overcast clouds
443,Cayenne,GF,4.9333,-52.3333,78.84,78,0,5.75,2023-01-02 21:24:50,clear sky
444,Shenjiamen,CN,29.9576,122.298,46.67,65,100,14.72,2023-01-02 21:26:24,overcast clouds
445,Chanika,TZ,-5.4167,38.0167,65.77,98,49,3.13,2023-01-02 21:26:24,scattered clouds
446,Leshukonskoye,RU,64.8989,45.7622,-2.99,97,100,7.34,2023-01-02 21:26:24,overcast clouds
447,Avera,US,33.194,-82.5271,74.71,51,7,3.76,2023-01-02 21:26:25,clear sky
448,Corinto,GR,37.9407,22.9573,49.89,63,0,2.75,2023-01-02 21:26:25,clear sky
449,Boa Vista,BR,2.8197,-60.6733,87.78,51,40,10.36,2023-01-02 21:25:14,scattered clouds
450,Thinadhoo,MV,0.5333,72.9333,81.0,68,23,10.78,2023-01-02 21:26:26,few clouds
451,Sabang,ID,5.8933,95.3214,78.87,78,100,11.43,2023-01-02 21:26:27,overcast clouds
452,Lake Havasu City,US,34.4839,-114.3224,60.06,33,0,12.66,2023-01-02 21:26:18,clear sky
453,Isangel,VU,-19.55,169.2667,82.09,74,55,7.76,2023-01-02 21:26:27,broken clouds
454,Pierre,US,44.3683,-100.351,31.86,77,100,3.44,2023-01-02 21:26:28,overcast clouds
455,Bastia,FR,42.6667,9.3333,59.31,91,75,5.75,2023-01-02 21:26:28,broken clouds
456,Vao,NC,-22.6667,167.4833,75.81,76,18,11.52,2023-01-02 21:26:29,few clouds
457,Cuxhaven,DE,53.8718,8.6909,42.96,88,63,17.92,2023-01-02 21:26:29,broken clouds
458,Mogadishu,SO,2.0371,45.3438,78.39,79,6,22.08,2023-01-02 21:26:29,clear sky
459,Russell,US,32.3502,-85.1999,78.08,88,97,3.6,2023-01-02 21:26:30,overcast clouds
460,Sao Gabriel Da Cachoeira,BR,-0.1303,-67.0892,77.45,95,92,2.08,2023-01-02 21:26:31,light rain
461,Narsaq,GL,60.9167,-46.05,-9.18,63,22,7.63,2023-01-02 21:26:31,few clouds
462,Hofgeismar,DE,51.4833,9.4,48.06,81,20,12.66,2023-01-02 21:26:31,few clouds
463,Barguzin,RU,53.6167,109.6167,-13.22,82,30,2.24,2023-01-02 21:26:32,scattered clouds
464,Akdepe,TM,42.0551,59.3788,46.49,65,100,25.95,2023-01-02 21:26:32,overcast clouds
465,Areia Branca,BR,-4.9561,-37.1369,84.4,74,100,16.46,2023-01-02 21:26:33,overcast clouds
466,Jumla,NP,29.2747,82.1838,31.66,40,1,5.64,2023-01-02 21:26:33,clear sky
467,Lusambo,CD,-4.9667,23.45,68.43,92,53,1.72,2023-01-02 21:26:33,broken clouds
468,Russkaya Polyana,UA,49.417,31.9201,44.58,86,95,6.76,2023-01-02 21:26:34,overcast clouds
469,Caconda,AO,-13.7333,15.0667,58.35,97,100,3.02,2023-01-02 21:26:34,light rain
470,Ambatondrazaka,MG,-17.8333,48.4167,67.73,90,100,1.25,2023-01-02 21:26:35,overcast clouds
471,Provideniya,RU,64.3833,-173.3,-3.15,83,11,8.32,2023-01-02 21:26:35,few clouds
472,Mulanur,IN,10.7667,77.7167,67.8,84,44,4.83,2023-01-02 21:26:35,scattered clouds
473,Rawson,AR,-43.3002,-65.1023,71.33,34,54,21.43,2023-01-02 21:26:36,broken clouds
474,Quimper,FR,48.0,-4.1,48.78,87,75,8.05,2023-01-02 21:25:14,broken clouds
475,Huarmey,PE,-10.0681,-78.1522,74.26,75,100,10.87,2023-01-02 21:26:36,overcast clouds
476,Harsud,IN,22.1,76.7333,55.99,50,0,7.54,2023-01-02 21:26:37,clear sky
477,Jawa,JO,31.8525,35.9393,46.71,61,75,16.11,2023-01-02 21:26:37,haze
478,Vredendal,ZA,-31.6683,18.5012,67.73,81,0,4.41,2023-01-02 21:26:38,clear sky
479,Alamosa,US,37.4695,-105.87,35.58,60,0,4.61,2023-01-02 21:26:34,clear sky
480,Gorontalo,ID,0.5412,123.0595,74.7,95,100,3.44,2023-01-02 21:26:38,overcast clouds
481,Bilma,NE,18.6853,12.9164,58.77,30,3,5.64,2023-01-02 21:26:39,clear sky
482,Hambantota,LK,6.1241,81.1185,70.14,94,20,4.61,2023-01-02 21:26:39,few clouds
483,Lithakia,GR,37.7167,20.8333,45.77,71,0,3.89,2023-01-02 21:26:39,clear sky
484,Hostotipaquillo,MX,21.0667,-104.0667,76.89,26,100,8.5,2023-01-02 21:26:40,overcast clouds
485,Havoysund,NO,70.9963,24.6622,34.03,99,100,5.73,2023-01-02 21:26:40,light snow
486,Toul,FR,48.6667,5.9167,47.05,93,100,9.22,2023-01-02 21:26:41,overcast clouds
487,Panlaitan,PH,12.1191,119.8486,80.65,78,91,5.12,2023-01-02 21:23:26,overcast clouds
488,Chirongui,YT,-12.9319,45.1483,82.33,76,86,9.48,2023-01-02 21:26:41,light rain
489,Kalulushi,ZM,-12.8378,28.0919,59.99,97,100,0.78,2023-01-02 21:26:42,overcast clouds
490,Upington,ZA,-28.4478,21.2561,80.1,38,96,10.87,2023-01-02 21:26:42,light rain
491,Merritt,CA,50.1123,-120.7942,28.33,78,100,1.99,2023-01-02 21:26:43,overcast clouds
492,Kautokeino,NO,69.0125,23.0412,5.05,99,100,1.92,2023-01-02 21:26:43,overcast clouds
493,Udachnyy,RU,66.4167,112.4,-19.01,95,99,4.34,2023-01-02 21:26:44,overcast clouds
494,Terre-De-Bas,GP,15.8501,-61.6442,78.58,70,6,15.48,2023-01-02 21:26:44,clear sky
495,Zhirnovsk,RU,50.9845,44.7735,31.35,75,52,15.35,2023-01-02 21:26:44,broken clouds
496,Marsa Matruh,EG,31.3525,27.2453,64.6,72,40,10.36,2023-01-02 21:26:45,light rain
497,Gat,IL,31.61,34.7642,59.68,100,15,17.38,2023-01-02 21:23:01,few clouds
498,Batagay,RU,67.6333,134.6333,-42.48,100,64,3.13,2023-01-02 21:26:45,broken clouds
499,Sulecin,PL,52.4443,15.1168,51.89,74,100,11.65,2023-01-02 21:26:46,light rain
500,Newport,GB,51.5877,-2.9984,41.11,92,31,5.75,2023-01-02 21:26:46,scattered clouds
501,Gulbene,LV,57.1777,26.7529,34.3,98,100,10.51,2023-01-02 21:26:47,snow
502,Tete,MZ,-16.1564,33.5867,74.52,84,93,3.58,2023-01-02 21:26:47,moderate rain
503,Rockhampton,AU,-23.3833,150.5,75.09,69,9,6.91,2023-01-02 21:26:47,clear sky
504,Ozernovskiy,RU,51.5,156.5167,25.3,73,100,24.11,2023-01-02 21:26:48,snow
505,Hope,US,33.6671,-93.5916,73.45,88,100,13.85,2023-01-02 21:26:48,overcast clouds
506,Kidal,ML,18.4411,1.4078,63.36,18,60,10.18,2023-01-02 21:26:49,broken clouds
507,Fairbanks,US,64.8378,-147.7164,13.96,83,0,5.75,2023-01-02 21:25:32,clear sky
508,Garowe,SO,8.4054,48.4845,68.18,71,0,16.93,2023-01-02 21:26:50,clear sky
509,Delijan,IR,33.9905,50.6838,37.31,42,0,2.08,2023-01-02 21:26:50,clear sky
510,Kodinsk,RU,58.6881,99.1844,4.95,97,100,3.78,2023-01-02 21:26:50,light snow
511,Estelle,US,29.8458,-90.1067,78.01,80,75,17.27,2023-01-02 21:26:51,broken clouds
512,Lexington,US,37.9887,-84.4777,62.6,85,100,3.44,2023-01-02 21:24:02,overcast clouds
513,Yar-Sale,RU,66.8333,70.8333,-4.74,98,100,18.25,2023-01-02 21:26:51,overcast clouds
514,Broken Hill,AU,-31.95,141.4333,66.16,57,0,19.91,2023-01-02 21:26:52,clear sky
515,Port Hawkesbury,CA,45.6169,-61.3485,32.88,93,100,11.01,2023-01-02 21:26:52,overcast clouds
516,Machilipatnam,IN,16.1667,81.1333,75.24,74,31,7.61,2023-01-02 21:26:53,scattered clouds
517,Celestun,MX,20.8667,-90.4,83.05,60,93,4.56,2023-01-02 21:26:53,overcast clouds
518,Neosho,US,36.869,-94.368,73.18,76,100,3.0,2023-01-02 21:26:53,very heavy rain
519,Hamilton,US,39.1834,-84.5333,61.57,85,100,8.05,2023-01-02 21:24:42,overcast clouds
520,Ndola,ZM,-12.9587,28.6366,60.62,98,100,1.95,2023-01-02 21:26:54,overcast clouds
521,Bambanglipuro,ID,-7.95,110.2833,76.44,87,100,10.67,2023-01-02 21:26:54,overcast clouds
522,Oktyabrskiy,RU,54.4815,53.471,23.11,88,100,17.02,2023-01-02 21:26:55,overcast clouds
523,Lacarak,RS,45.0022,19.5686,52.21,67,68,0.69,2023-01-02 21:26:55,broken clouds
524,Guerrero Negro,MX,27.9769,-114.0611,63.9,48,8,10.87,2023-01-02 21:26:56,clear sky
525,Sawakin,SD,19.1059,37.3321,75.42,84,98,15.77,2023-01-02 21:26:56,overcast clouds
526,Severo-Kurilsk,RU,50.6789,156.125,22.64,88,100,22.59,2023-01-02 21:26:56,snow
527,Aquiraz,BR,-3.9014,-38.3911,82.49,80,100,8.93,2023-01-02 21:26:57,overcast clouds
528,Agira,IT,37.6562,14.5216,49.41,82,6,2.39,2023-01-02 21:26:57,clear sky
529,Denpasar,ID,-8.65,115.2167,80.26,83,40,20.71,2023-01-02 21:24:24,scattered clouds
530,Chakia,IN,26.4167,85.05,53.29,72,0,4.54,2023-01-02 21:26:58,clear sky
531,Emba,KZ,48.8264,58.1442,33.1,96,100,24.38,2023-01-02 21:26:58,light snow
532,Conde,BR,-7.2597,-34.9075,80.06,78,40,10.36,2023-01-02 21:26:59,scattered clouds
533,Minsk,BY,53.9,27.5667,40.75,85,100,14.07,2023-01-02 21:23:33,overcast clouds
534,Leh,IN,34.1667,77.5833,1.04,74,54,3.13,2023-01-02 21:26:59,broken clouds
535,Vostok,RU,46.4856,135.8833,-11.13,98,100,5.41,2023-01-02 21:27:00,overcast clouds
536,Midland,US,31.9974,-102.0779,63.27,33,0,33.38,2023-01-02 21:27:00,dust
537,La Ronge,CA,55.1001,-105.2842,16.05,73,75,6.91,2023-01-02 21:27:01,broken clouds
538,Stornoway,GB,58.2093,-6.3865,42.76,89,20,20.71,2023-01-02 21:27:01,light rain
539,Sfantu Gheorghe,RO,45.8667,25.7833,47.57,54,5,1.01,2023-01-02 21:27:02,clear sky
540,Cadillac,US,44.2519,-85.4012,35.51,87,100,0.0,2023-01-02 21:27:02,overcast clouds
541,Alta Floresta,BR,-9.8756,-56.0861,78.39,92,57,2.24,2023-01-02 21:27:03,broken clouds
542,Culasi,PH,11.4272,122.056,76.21,94,100,17.31,2023-01-02 21:27:03,heavy intensity rain
543,Jacareacanga,BR,-6.2222,-57.7528,78.55,94,100,1.01,2023-01-02 21:27:04,overcast clouds
544,Sotouboua,TG,8.5667,0.9833,76.66,20,8,3.89,2023-01-02 21:27:04,clear sky
545,Juybar,IR,36.6412,52.9124,47.28,56,0,3.44,2023-01-02 21:27:05,clear sky
546,Moussoro,TD,13.6408,16.4901,68.18,27,0,17.16,2023-01-02 21:27:05,clear sky
547,Tigil,RU,57.8,158.6667,22.01,68,100,18.9,2023-01-02 21:27:05,overcast clouds
548,Harindanga,IN,22.0383,88.3214,64.17,48,3,6.4,2023-01-02 21:27:06,clear sky
549,Ojinaga,MX,29.5667,-104.4167,78.42,11,0,24.79,2023-01-02 21:27:06,clear sky
550,Richards Bay,ZA,-28.783,32.0377,70.07,92,38,5.86,2023-01-02 21:27:07,scattered clouds
551,Biu,NG,10.6129,12.1946,64.94,41,79,9.95,2023-01-02 21:27:07,broken clouds
552,Xining,CN,36.6167,101.7667,18.97,41,1,2.68,2023-01-02 21:27:08,clear sky
553,Inhambane,MZ,-23.865,35.3833,74.59,83,1,4.36,2023-01-02 21:27:08,clear sky
554,Altay,CN,47.8667,88.1167,12.07,75,100,5.55,2023-01-02 21:27:08,overcast clouds
555,Cardoso,BR,-20.0819,-49.9142,82.89,65,85,1.32,2023-01-02 21:27:09,heavy intensity rain
556,Salalah,OM,17.0151,54.0924,73.49,64,0,1.14,2023-01-02 21:27:09,clear sky
557,Ayni,TJ,39.3941,68.5377,20.12,54,28,8.03,2023-01-02 21:27:10,scattered clouds
558,Vestmanna,FO,62.1564,-7.1664,36.52,81,19,11.5,2023-01-02 21:27:10,few clouds
559,Lavrentiya,RU,65.5833,-171.0,-11.6,88,22,9.24,2023-01-02 21:27:11,few clouds
560,Hanna,CA,51.6334,-111.9018,20.43,82,29,8.05,2023-01-02 21:27:12,scattered clouds
561,Aguimes,ES,27.9054,-15.4461,63.66,77,0,9.22,2023-01-02 21:27:12,clear sky
562,Vila Do Maio,CV,15.1333,-23.2167,77.79,78,80,13.33,2023-01-02 21:27:12,broken clouds
563,Visnes,NO,59.3556,5.2242,39.22,93,75,6.91,2023-01-02 21:27:13,broken clouds
564,Mawlaik,MM,23.6333,94.4167,54.88,82,0,1.25,2023-01-02 21:27:13,clear sky
565,Naushki,RU,50.3828,106.1056,-26.39,100,90,1.77,2023-01-02 21:27:14,overcast clouds
566,Maldonado,UY,-34.6667,-54.9167,69.22,63,70,14.27,2023-01-02 21:27:14,broken clouds
567,Chinu,CO,9.1057,-75.3981,82.9,69,51,7.78,2023-01-02 21:27:14,broken clouds
568,San Cristobal,VE,7.7669,-72.225,73.58,67,87,0.51,2023-01-02 21:27:15,overcast clouds
569,Chicama,PE,-7.8447,-79.1469,72.14,60,63,10.42,2023-01-02 21:27:15,broken clouds
570,Carnduff,CA,49.1667,-101.8009,16.38,89,6,6.17,2023-01-02 21:27:16,clear sky
571,Menongue,AO,-14.6585,17.691,61.59,96,100,8.28,2023-01-02 21:27:16,light rain
572,Kununurra,AU,-15.7667,128.7333,75.18,94,98,5.75,2023-01-02 21:27:17,overcast clouds
573,Kloulklubed,PW,7.0419,134.2556,82.9,74,100,9.42,2023-01-02 21:27:17,overcast clouds
574,Kamenka,RU,51.3223,42.7678,30.72,84,54,10.78,2023-01-02 21:27:18,broken clouds
575,Dakar,SN,14.6937,-17.4441,76.08,78,0,4.61,2023-01-02 21:26:58,clear sky
576,Moose Factory,CA,51.2585,-80.6094,14.0,85,100,9.22,2023-01-02 21:27:18,overcast clouds
577,Kondinskoye,RU,59.6481,67.41,15.93,93,100,14.0,2023-01-02 21:27:18,overcast clouds
578,Werther,DE,52.0777,8.4179,46.85,87,96,10.4,2023-01-02 21:27:19,overcast clouds
579,Tchaourou,BJ,8.8865,2.5975,78.37,20,13,5.37,2023-01-02 21:27:19,few clouds
580,Opuwo,NA,-18.0607,13.84,68.14,73,100,15.66,2023-01-02 21:27:20,light rain
581,Itapirapua,BR,-15.8233,-50.6133,78.44,88,28,5.82,2023-01-02 21:27:20,moderate rain
582,Taveta,KE,-3.3963,37.6736,70.14,68,11,8.01,2023-01-02 21:27:21,few clouds
583,Lujan,AR,-34.5703,-59.105,85.82,34,0,10.0,2023-01-02 21:27:21,clear sky
584,Rodino,RU,52.5,80.25,21.36,89,100,16.06,2023-01-02 21:27:22,overcast clouds
585,Shimoda,JP,34.6667,138.95,43.54,71,72,8.14,2023-01-02 21:27:22,broken clouds
586,Miranpur,IN,29.3,77.9333,46.13,64,0,4.09,2023-01-02 21:27:23,clear sky
587,Itarema,BR,-2.9248,-39.9167,79.7,78,70,13.82,2023-01-02 21:27:23,broken clouds
588,San Luis,AR,-33.295,-66.3356,85.32,22,0,4.79,2023-01-02 21:27:23,clear sky
589,Mayumba,GA,-3.432,10.6554,77.74,86,78,4.59,2023-01-02 21:27:24,broken clouds
590,Saint-Pierre,RE,-21.3393,55.4781,76.68,65,80,8.05,2023-01-02 21:27:24,light rain
591,Vary,UA,48.1221,22.7128,39.27,85,41,4.56,2023-01-02 21:27:25,scattered clouds
592,Mehamn,NO,71.0357,27.8492,28.35,74,75,16.11,2023-01-02 21:27:25,broken clouds
593,Urengoy,RU,65.9667,78.3667,-13.95,96,100,10.33,2023-01-02 21:27:26,overcast clouds
594,Biak,ID,-0.9131,122.8766,76.37,78,100,4.29,2023-01-02 21:27:26,overcast clouds
595,Zhangye,CN,38.9342,100.4517,20.23,36,0,0.34,2023-01-02 21:27:27,clear sky
596,Garmsar,IR,35.2182,52.3409,41.43,45,0,1.7,2023-01-02 21:27:27,clear sky
597,Sydney,AU,-33.8679,151.2073,75.58,74,0,6.91,2023-01-02 21:26:17,clear sky
598,Thunder Bay,CA,48.4001,-89.3168,24.78,74,100,3.44,2023-01-02 21:27:24,overcast clouds
599,Buchanan,LR,5.8808,-10.0467,78.91,76,2,6.69,2023-01-02 21:27:28,clear sky
600,Okhotsk,RU,59.3833,143.3,-3.17,74,100,21.43,2023-01-02 21:27:28,overcast clouds
601,Flinders,AU,-34.5833,150.8552,73.38,80,1,7.0,2023-01-02 21:27:29,clear sky
602,Lata,PT,40.1629,-8.3327,43.92,91,2,1.95,2023-01-02 21:27:29,clear sky
603,Magaramkent,RU,41.6159,48.348,50.22,30,12,7.36,2023-01-02 21:27:30,few clouds
604,Sobolevo,RU,54.4299,31.8996,37.62,98,100,9.95,2023-01-02 21:27:30,light rain
605,Acapulco,MX,16.8634,-99.8901,84.02,65,75,11.5,2023-01-02 21:26:54,broken clouds
606,Kaseda,JP,31.4167,130.3167,48.7,67,6,16.42,2023-01-02 21:27:31,clear sky
607,Nuuk,GL,64.1835,-51.7216,12.81,57,75,17.27,2023-01-02 21:27:31,broken clouds
608,Finschhafen,PG,-6.6024,147.8681,81.23,79,100,7.56,2023-01-02 21:27:32,overcast clouds
609,Port Antonio,JM,18.18,-76.4612,82.31,70,20,7.54,2023-01-02 21:27:32,few clouds
610,Sterling,US,39.0062,-77.4286,63.21,63,75,8.05,2023-01-02 21:25:26,broken clouds
611,Halifax,CA,44.6453,-63.5724,35.46,84,100,5.99,2023-01-02 21:27:33,overcast clouds
612,Fereydun Kenar,IR,36.6864,52.5225,50.92,60,0,4.29,2023-01-02 21:27:33,clear sky
613,Poso,ID,-1.3959,120.7524,76.05,84,100,3.67,2023-01-02 21:27:34,overcast clouds
614,Kargopol,RU,61.5071,38.9456,20.32,92,100,8.55,2023-01-02 21:27:34,overcast clouds
615,Sukabumi,ID,-6.9181,106.9267,67.57,97,100,1.88,2023-01-02 21:27:34,overcast clouds
616,Whitecourt,CA,54.1502,-115.6855,16.84,100,75,2.3,2023-01-02 21:27:35,broken clouds
617,Ilkeston,GB,52.9706,-1.3095,36.28,87,0,6.91,2023-01-02 21:27:35,clear sky
618,Conceicao Das Alagoas,BR,-19.9147,-48.3883,82.18,78,37,5.5,2023-01-02 21:27:36,light rain
619,Beloha,MG,-25.1667,45.05,74.98,84,100,3.15,2023-01-02 21:27:36,overcast clouds
620,Tanout,NE,14.9709,8.8879,61.02,20,16,13.94,2023-01-02 21:27:36,few clouds
621,Caaguazu,PY,-25.45,-56.0167,73.29,93,100,1.25,2023-01-02 21:27:37,overcast clouds
622,Pundaguitan,PH,6.3711,126.1689,77.32,91,100,8.97,2023-01-02 21:27:37,overcast clouds
623,Ovalle,CL,-30.5983,-71.2003,81.27,34,0,9.95,2023-01-02 21:27:38,clear sky
624,Mandalgovi,MN,45.7625,106.2708,0.46,94,100,4.32,2023-01-02 21:27:38,overcast clouds
625,Filingue,NE,14.3521,3.3168,68.4,20,15,11.14,2023-01-02 21:27:39,few clouds
626,Gavrilovka Vtoraya,RU,52.877,42.7663,29.55,73,18,14.41,2023-01-02 21:27:39,few clouds
627,Sabha,LY,27.0377,14.4283,53.73,51,0,5.79,2023-01-02 21:27:40,clear sky
628,Novo Oriente,BR,-5.5344,-40.7742,85.86,40,83,5.75,2023-01-02 21:27:40,broken clouds
629,Paoua,CF,7.2427,16.4406,71.67,32,5,5.32,2023-01-02 21:27:40,clear sky
630,Namatanai,PG,-3.6667,152.4333,81.1,79,42,3.04,2023-01-02 21:27:41,scattered clouds
631,Diamantino,BR,-14.4086,-56.4461,85.96,67,16,5.1,2023-01-02 21:27:41,few clouds
632,Preobrazheniye,RU,42.9019,133.9064,6.93,76,5,9.17,2023-01-02 21:27:42,clear sky
633,Monte Alegre,BR,-2.0078,-54.0692,79.72,76,100,1.97,2023-01-02 21:27:42,overcast clouds
634,Fershampenuaz,RU,53.5202,59.8117,27.9,94,100,19.17,2023-01-02 21:27:42,snow
635,Sola,VU,-13.8833,167.55,81.34,80,100,23.64,2023-01-02 21:27:43,moderate rain
636,Naryan-Mar,RU,67.6713,53.087,-1.66,94,100,13.15,2023-01-02 21:27:43,overcast clouds
637,Port-Cartier,CA,50.0334,-66.8654,24.48,84,53,4.59,2023-01-02 21:27:44,broken clouds
638,Ilhabela,BR,-23.7781,-45.3581,74.84,89,27,4.68,2023-01-02 21:27:44,scattered clouds
639,Alibag,IN,18.6411,72.8792,71.67,65,0,5.1,2023-01-02 21:27:44,clear sky
640,Otane,NZ,-39.8833,176.6333,67.24,60,25,9.04,2023-01-02 21:27:45,scattered clouds
641,Kaniama,CD,-7.5667,24.1833,66.24,95,100,2.37,2023-01-02 21:27:45,overcast clouds
642,Koutsouras,GR,35.0339,25.9469,59.11,70,4,8.34,2023-01-02 21:27:46,clear sky
643,Tucuman,AR,-26.8241,-65.2226,86.0,30,0,3.44,2023-01-02 21:27:46,clear sky
644,Bairiki,KI,1.3292,172.9752,84.2,74,20,9.22,2023-01-02 21:27:46,few clouds
645,Ekhabi,RU,53.5102,142.9671,0.37,93,100,25.23,2023-01-02 21:27:47,overcast clouds
646,Jieshi,CN,22.8134,115.8257,60.3,77,97,11.36,2023-01-02 21:27:47,overcast clouds
647,Labuhan,ID,-6.8844,112.2051,76.57,87,99,9.91,2023-01-02 21:27:48,moderate rain
648,Moron,AR,-34.6534,-58.6198,87.03,24,0,8.61,2023-01-02 21:27:48,clear sky
649,Asfi,MA,32.2994,-9.2372,63.01,71,100,6.38,2023-01-02 21:27:49,overcast clouds
650,Mecca,SA,21.4267,39.8261,75.51,72,99,2.55,2023-01-02 21:27:49,overcast clouds
651,Dwarka,IN,22.2394,68.9678,70.0,52,68,8.72,2023-01-02 21:27:49,broken clouds
652,Santa Cruz,BO,-17.8,-63.1667,80.06,78,75,11.5,2023-01-02 21:27:50,moderate rain
653,Matagami,CA,49.7502,-77.6328,26.71,93,100,4.61,2023-01-02 21:27:50,overcast clouds
654,Chabahar,IR,25.2919,60.643,69.66,32,12,7.23,2023-01-02 21:27:51,few clouds
655,Flin Flon,CA,54.7682,-101.865,15.64,79,20,5.75,2023-01-02 21:27:51,few clouds
656,Lompoc,US,34.6391,-120.4579,52.79,81,75,10.36,2023-01-02 21:23:07,broken clouds
657,Riachao Das Neves,BR,-11.7461,-44.91,75.02,83,70,3.83,2023-01-02 21:27:51,broken clouds
658,Yatou,CN,37.15,122.3833,24.35,84,17,6.04,2023-01-02 21:27:52,few clouds
